slug,name,base_url
kjssc,K. J. Somaiya College of Science and Commerce,https://library-kjssc.somaiya.edu
kjsac,K. J. Somaiya College of Arts and Commerce,https://library-kjsac.somaiya.edu
vinaymandir,Vinay Mandir,https://library-vinaymandir.somaiya.edu
sksac,S.K. Somaiya College of Arts Science and Commerce,https://library-sksac.somaiya.edu
kjsit,K J Somaiya Institute of Technology,https://library-kjsit.somaiya.edu
tss,The Somaiya School,https://library-tss.somaiya.edu
nareshwadi,Nareshwadi Learning Centre,https://library-nareshwadi.somaiya.edu
kopargaon,Maya Somaiya Library Kopargaon,https://library-kopargaon.somaiya.edu
laxmiwadi,Somaiya Vidya Mandir Laxmiwadi,https://library-laxmiwadi.somaiya.edu
sakarwadi,Somaiya Vidya Mandir Sakarwadi,https://library-sakarwadi.somaiya.edu
sameerwadi,Somaiya Kannada Medium School Sameerwadi,https://library-sameerwadi.somaiya.edu
vti,K. J. Somaiya Vocational Training Institute,https://library-vti.somaiya.edu
ded,Smt Sakarbai K Somaiya Junior College of Education,https://library-ded.somaiya.edu
kjsems,K. J. Somaiya English Medium School Sameerwadi,https://library-kjsems.somaiya.edu
svu,K. J. Somaiya School of Engineering,https://library-svu.somaiya.edu
medicaltrust,K. J. Somaiya Medical College,https://library-medicaltrust.somaiya.edu
polytechptd,K J Somaiya Polytechnic Part Time Diploma,https://library-polytechptd.somaiya.edu
polytech,K J Somaiya Polytechnic,https://library-polytech.somaiya.edu
polytechua,K J Somaiya Polytechnic Non Aided,https://library-polytechua.somaiya.edu
polytechycmou,Yashwantrao Chavan Maharashtra Open University,https://library-polytechycmou.somaiya.edu
